comment_score,percent_positive,percent_negative
18072,1.0,1.0
15646,0.0,1.0
15309,0.0,1.0
14661,0.0,1.0
14253,0.0,1.0
14008,0.0,1.0
13866,1.0,1.0
13265,0.0,1.0
13121,1.0,1.0
12746,1.0,0.0
12255,0.0,1.0
12009,1.0,1.0
11724,0.0,1.0
11558,1.0,1.0
11430,1.0,1.0
11423,0.0,1.0
11220,0.0,1.0
10871,1.0,1.0
10505,0.0,1.0
10408,0.0,0.0
10334,0.0,1.0
10323,0.0,1.0
10291,0.0,1.0
10231,0.0,1.0
10209,0.0,1.0
10144,0.0,1.0
10085,0.0,1.0
10036,0.0,1.0
9922,0.0,1.0
9860,0.0,1.0
9767,0.0,1.0
9717,0.0,1.0
9587,0.0,1.0
9491,0.0,1.0
9459,0.0,1.0
9428,0.0,1.0
9049,1.0,1.0
9041,1.0,1.0
9009,1.0,1.0
8947,0.0,1.0
8792,1.0,1.0
8740,0.0,1.0
8668,0.0,1.0
8289,0.0,1.0
8272,1.0,1.0
8203,0.0,1.0
8168,0.0,1.0
8100,0.5,0.5
8047,0.0,1.0
8033,0.0,1.0
8024,0.0,1.0
7945,0.5,1.0
7886,0.0,1.0
7826,1.0,1.0
7794,0.0,1.0
7711,0.0,1.0
7706,0.0,1.0
7678,0.0,1.0
7654,1.0,1.0
7649,0.0,1.0
7595,0.0,1.0
7524,0.0,0.0
7498,0.0,1.0
7361,0.0,1.0
7331,0.0,1.0
7262,0.0,1.0
7198,1.0,1.0
7136,0.0,1.0
7070,0.0,1.0
7007,0.0,1.0
6984,0.0,1.0
6964,1.0,1.0
6942,0.0,1.0
6926,0.0,1.0
6854,0.0,1.0
6800,0.0,1.0
6791,0.0,1.0
6728,1.0,1.0
6697,0.0,1.0
6675,1.0,1.0
6650,0.0,1.0
6618,0.0,1.0
6585,0.0,1.0
6573,0.0,1.0
6552,0.0,1.0
6550,0.0,1.0
6541,0.0,1.0
6539,0.0,1.0
6533,0.0,1.0
6525,0.0,1.0
6468,0.0,0.0
6467,1.0,1.0
6347,0.0,1.0
6329,0.0,1.0
6287,0.0,1.0
6258,0.0,1.0
6245,0.5,1.0
6164,0.0,1.0
6158,0.0,1.0
6119,0.0,1.0
6070,0.0,0.0
6066,1.0,1.0
6052,0.0,1.0
5979,0.0,1.0
5976,0.0,1.0
5884,1.0,1.0
5863,0.0,0.0
5850,0.0,1.0
5849,0.0,1.0
5840,1.0,1.0
5838,0.0,1.0
5827,1.0,1.0
5797,1.0,1.0
5778,0.0,1.0
5774,1.0,1.0
5757,0.0,1.0
5756,1.0,1.0
5737,0.0,1.0
5718,0.0,0.0
5706,0.0,1.0
5705,0.0,1.0
5690,0.0,1.0
5598,1.0,1.0
5574,0.0,1.0
5522,0.0,1.0
5520,0.0,1.0
5501,0.0,1.0
5493,0.0,1.0
5450,0.0,1.0
5398,1.0,1.0
5390,1.0,1.0
5379,0.0,1.0
5367,0.0,1.0
5359,0.0,1.0
5310,0.0,1.0
5305,0.0,1.0
5281,1.0,1.0
5252,0.0,1.0
5245,0.0,1.0
5221,0.0,1.0
5220,0.0,1.0
5212,1.0,1.0
5190,0.0,1.0
5180,0.0,1.0
5160,1.0,1.0
5146,0.0,1.0
5127,1.0,1.0
5111,1.0,1.0
5073,0.0,1.0
5036,0.0,1.0
5002,1.0,1.0
4992,0.0,1.0
4987,0.0,1.0
4979,1.0,1.0
4978,0.0,1.0
4969,0.0,1.0
4960,0.0,1.0
4953,0.0,1.0
4944,0.0,1.0
4916,0.0,1.0
4914,1.0,1.0
4912,1.0,1.0
4882,0.0,1.0
4875,0.0,1.0
4872,0.0,1.0
4869,1.0,1.0
4843,0.0,1.0
4838,0.0,1.0
4822,0.0,1.0
4818,1.0,1.0
4809,0.0,1.0
4802,0.0,1.0
4793,0.0,1.0
4781,0.0,1.0
4766,0.0,1.0
4740,0.0,1.0
4719,0.0,1.0
4715,0.0,1.0
4712,1.0,1.0
4686,0.0,1.0
4593,0.0,1.0
4584,1.0,0.0
4580,0.0,1.0
4578,0.0,1.0
4577,0.0,1.0
4573,0.0,1.0
4569,0.0,1.0
4568,0.0,1.0
4566,0.0,1.0
4565,0.0,1.0
4550,0.0,1.0
4544,1.0,1.0
4542,0.0,0.0
4525,0.0,1.0
4519,0.0,0.0
4517,0.0,1.0
4505,0.0,1.0
4495,0.0,1.0
4483,0.0,0.0
4471,1.0,0.0
4468,0.0,1.0
4450,0.0,1.0
4442,1.0,1.0
4428,0.0,0.0
4426,0.0,1.0
4352,0.0,1.0
4350,0.0,1.0
4347,0.0,1.0
4330,0.0,1.0
4319,0.0,1.0
4317,0.0,1.0
4316,1.0,1.0
4315,1.0,1.0
4274,0.0,1.0
4255,0.0,1.0
4243,1.0,1.0
4209,0.0,1.0
4207,0.0,0.0
4200,0.0,1.0
4188,1.0,1.0
4175,0.0,1.0
4165,0.0,1.0
4149,1.0,1.0
4141,0.0,1.0
4131,1.0,1.0
4123,1.0,1.0
4114,0.0,1.0
4113,0.0,1.0
4100,0.0,1.0
4087,1.0,1.0
4077,0.0,1.0
4073,0.0,1.0
4053,0.0,1.0
4052,0.0,1.0
4008,0.0,0.0
4002,1.0,1.0
3998,0.0,1.0
3987,0.0,1.0
3982,0.0,1.0
3966,0.0,1.0
3960,0.0,1.0
3953,0.0,1.0
3951,0.0,1.0
3939,0.0,1.0
3934,0.0,1.0
3930,0.0,0.0
3911,0.0,1.0
3896,0.0,1.0
3886,0.0,1.0
3863,0.0,1.0
3846,0.0,1.0
3816,0.0,1.0
3815,0.0,1.0
3812,0.0,1.0
3806,0.0,0.0
3803,0.0,1.0
3800,0.0,1.0
3798,0.0,1.0
3777,0.0,1.0
3775,0.0,1.0
3771,0.0,1.0
3765,0.0,1.0
3762,0.0,1.0
3748,0.0,1.0
3740,0.0,1.0
3739,0.0,1.0
3737,0.0,1.0
3733,0.0,1.0
3731,0.0,1.0
3726,0.0,1.0
3722,0.0,1.0
3718,0.0,1.0
3708,1.0,1.0
3691,1.0,1.0
3690,0.0,1.0
3687,0.0,1.0
3666,0.0,1.0
3645,0.0,1.0
3641,0.0,1.0
3639,0.0,1.0
3636,0.0,1.0
3626,0.0,1.0
3625,0.0,1.0
3614,0.0,0.0
3607,1.0,1.0
3605,0.0,1.0
3598,0.0,1.0
3597,0.0,1.0
3560,0.0,1.0
3552,0.0,1.0
3545,0.0,1.0
3534,0.0,1.0
3532,0.0,1.0
3529,0.0,1.0
3527,0.0,1.0
3523,0.0,0.0
3515,1.0,1.0
3512,0.0,1.0
3509,0.0,1.0
3500,1.0,1.0
3499,0.0,1.0
3489,0.0,1.0
3488,0.0,1.0
3485,0.0,1.0
3481,0.0,1.0
3474,0.0,0.0
3471,0.0,1.0
3468,1.0,1.0
3466,0.0,1.0
3464,0.0,1.0
3450,0.0,1.0
3446,1.0,1.0
3440,0.0,1.0
3437,0.0,1.0
3431,0.5,1.0
3420,0.0,1.0
3410,0.0,1.0
3403,1.0,0.0
3392,1.0,1.0
3374,0.0,1.0
3367,0.0,1.0
3363,0.0,1.0
3356,1.0,1.0
3332,0.0,1.0
3323,0.0,1.0
3314,0.0,0.0
3313,0.0,1.0
3309,1.0,1.0
3290,1.0,1.0
3280,0.0,1.0
3275,1.0,1.0
3261,0.0,1.0
3254,0.0,1.0
3253,0.0,1.0
3237,0.0,1.0
3234,1.0,0.0
3222,0.0,1.0
3212,0.0,1.0
3211,1.0,0.0
3204,1.0,1.0
3203,0.0,1.0
3191,0.0,1.0
3188,1.0,1.0
3183,0.0,1.0
3174,0.0,1.0
3160,0.0,1.0
3154,0.0,1.0
3152,1.0,1.0
3142,0.0,1.0
3141,0.0,1.0
3134,0.0,1.0
3128,1.0,1.0
3126,0.5,1.0
3124,0.0,1.0
3123,1.0,1.0
3119,0.0,0.0
3118,0.0,1.0
3114,0.0,1.0
3107,1.0,0.0
3099,0.0,1.0
3098,0.0,1.0
3097,0.0,1.0
3095,0.0,1.0
3094,0.0,1.0
3093,0.0,1.0
3092,1.0,1.0
3091,0.0,1.0
3079,0.0,1.0
3077,0.0,1.0
3066,1.0,1.0
3060,0.0,1.0
3040,1.0,1.0
3027,0.0,1.0
3022,0.0,1.0
3019,1.0,1.0
3017,0.0,1.0
3014,0.0,1.0
3009,1.0,1.0
3006,0.0,1.0
3002,0.0,1.0
2995,1.0,1.0
2992,0.0,1.0
2991,0.0,1.0
2990,0.0,1.0
2982,0.0,1.0
2980,0.0,1.0
2971,0.0,1.0
2970,0.0,1.0
2969,0.0,1.0
2963,1.0,1.0
2952,1.0,1.0
2947,0.0,1.0
2946,0.0,1.0
2944,0.0,1.0
2943,0.0,1.0
2942,0.0,1.0
2940,0.0,1.0
2939,0.0,1.0
2938,0.0,0.0
2931,0.3333333333333333,0.6666666666666666
2921,0.0,1.0
2911,0.0,1.0
2890,0.0,1.0
2884,0.0,1.0
2883,0.0,1.0
2878,0.0,1.0
2875,0.5,1.0
2869,1.0,1.0
2867,1.0,1.0
2866,0.0,1.0
2857,0.0,1.0
2851,0.0,0.0
2840,0.0,1.0
2831,0.0,1.0
2830,0.0,1.0
2828,0.0,1.0
2823,1.0,1.0
2822,0.0,1.0
2821,0.0,0.6666666666666666
2811,0.0,1.0
2809,1.0,1.0
2808,0.0,1.0
2804,0.0,1.0
2799,0.0,1.0
2790,0.0,1.0
2789,0.0,1.0
2784,0.0,1.0
2776,1.0,1.0
2774,0.0,1.0
2772,0.0,1.0
2770,0.0,1.0
2767,0.0,1.0
2760,0.0,1.0
2758,0.0,1.0
2757,0.0,1.0
2756,0.0,1.0
2755,0.0,1.0
2750,0.0,1.0
2749,0.0,0.0
2743,0.0,1.0
2734,1.0,1.0
2733,0.0,1.0
2732,0.0,1.0
2730,1.0,1.0
2728,0.0,1.0
2727,0.5,1.0
2721,0.0,1.0
2714,0.0,0.0
2708,1.0,1.0
2707,0.5,0.5
2704,0.0,1.0
2702,0.0,1.0
2701,0.0,1.0
2693,0.5,1.0
2684,0.0,1.0
2683,0.0,1.0
2682,1.0,1.0
2675,0.0,1.0
2674,0.0,1.0
2670,0.0,1.0
2669,0.0,1.0
2667,1.0,0.0
2664,0.0,1.0
2660,0.0,1.0
2654,0.0,1.0
2652,0.0,1.0
2643,1.0,1.0
2634,0.0,1.0
2633,0.0,1.0
2630,1.0,1.0
2629,0.0,1.0
2627,0.0,1.0
2625,0.0,1.0
2621,1.0,1.0
2620,0.0,1.0
2616,0.0,1.0
2614,0.0,1.0
2612,0.0,1.0
2609,0.0,1.0
2606,1.0,1.0
2604,0.0,1.0
2601,0.0,1.0
2598,0.0,1.0
2596,1.0,1.0
2595,0.0,1.0
2594,0.0,1.0
2587,0.0,1.0
2585,1.0,1.0
2584,0.0,1.0
2580,0.0,1.0
2579,0.0,1.0
2577,0.0,1.0
2576,0.0,1.0
2571,0.5,1.0
2570,0.0,1.0
2563,0.0,1.0
2562,0.0,1.0
2553,0.0,1.0
2551,0.0,1.0
2547,0.0,1.0
2543,0.0,1.0
2539,0.0,1.0
2534,0.0,1.0
2532,0.0,1.0
2531,0.0,1.0
2527,0.0,1.0
2518,0.0,1.0
2517,1.0,1.0
2507,0.0,1.0
2501,1.0,1.0
2497,0.0,1.0
2492,0.0,1.0
2491,0.0,1.0
2486,0.0,1.0
2485,0.0,1.0
2483,0.0,1.0
2481,0.0,1.0
2480,0.0,1.0
2479,0.0,1.0
2476,0.0,1.0
2472,0.0,1.0
2470,0.0,1.0
2459,0.0,1.0
2457,0.0,1.0
2453,0.0,1.0
2451,0.0,1.0
2447,0.0,1.0
2446,1.0,1.0
2444,0.5,0.5
2443,0.0,1.0
2438,0.0,1.0
2437,0.0,1.0
2436,0.0,1.0
2432,0.0,1.0
2430,0.0,1.0
2428,0.0,1.0
2423,0.0,1.0
2422,1.0,1.0
2413,0.0,1.0
2412,0.0,1.0
2404,1.0,1.0
2400,0.0,1.0
2397,0.0,1.0
2396,0.0,1.0
2395,0.0,1.0
2394,0.5,0.5
2387,0.0,1.0
2380,0.0,1.0
2377,0.0,1.0
2376,0.0,1.0
2375,0.0,1.0
2374,1.0,1.0
2371,0.0,1.0
2369,0.0,1.0
2367,0.0,1.0
2365,0.0,1.0
2361,1.0,0.5
2359,0.0,1.0
2356,0.0,1.0
2353,0.0,1.0
2352,1.0,1.0
2344,0.0,1.0
2343,0.0,0.5
2342,0.0,1.0
2337,1.0,1.0
2331,0.0,1.0
2330,0.0,1.0
2329,0.5,1.0
2328,0.0,1.0
2323,0.0,1.0
2322,0.0,1.0
2319,0.0,1.0
2317,0.0,0.0
2314,0.0,1.0
2306,0.0,1.0
2305,1.0,1.0
2304,0.5,1.0
2299,1.0,0.0
2297,0.0,1.0
2295,0.0,1.0
2294,0.0,1.0
2292,1.0,1.0
2287,0.0,1.0
2284,0.0,1.0
2281,0.0,1.0
2279,0.0,1.0
2277,0.0,1.0
2274,0.0,1.0
2273,0.0,1.0
2267,0.5,1.0
2262,0.0,1.0
2260,1.0,1.0
2258,0.0,1.0
2256,0.0,1.0
2254,0.0,1.0
2252,0.0,1.0
2250,0.0,1.0
2248,0.0,1.0
2246,0.0,1.0
2245,0.0,1.0
2242,0.0,1.0
2234,1.0,1.0
2231,0.0,0.6666666666666666
2230,0.0,1.0
2229,0.0,1.0
2228,0.0,1.0
2223,1.0,0.0
2219,0.5,1.0
2215,0.0,1.0
2212,0.0,1.0
2200,0.0,1.0
2199,0.0,1.0
2195,1.0,1.0
2192,1.0,1.0
2190,0.0,1.0
2188,0.0,1.0
2187,1.0,1.0
2186,0.0,1.0
2185,0.0,1.0
2182,0.0,1.0
2181,0.0,1.0
2180,0.0,1.0
2179,0.0,1.0
2173,0.0,1.0
2171,0.0,1.0
2169,0.0,1.0
2167,0.0,1.0
2164,0.0,1.0
2161,0.0,1.0
2157,0.0,1.0
2155,0.0,1.0
2150,0.0,1.0
2145,0.0,1.0
2144,0.0,1.0
2142,0.0,1.0
2139,0.0,1.0
2136,0.0,1.0
2133,0.0,1.0
2130,0.0,1.0
2128,0.0,1.0
2126,0.0,1.0
2122,1.0,1.0
2121,0.0,1.0
2119,0.0,1.0
2116,0.0,1.0
2115,0.0,1.0
2113,1.0,1.0
2112,0.0,1.0
2107,0.0,1.0
2106,0.0,1.0
2105,0.0,1.0
2104,0.0,1.0
2102,1.0,1.0
2101,0.0,1.0
2098,1.0,1.0
2091,1.0,1.0
2089,0.0,1.0
2087,1.0,1.0
2086,0.0,1.0
2085,0.0,1.0
2084,1.0,1.0
2081,0.0,1.0
2080,0.0,1.0
2077,0.0,1.0
2073,0.0,1.0
2071,0.0,1.0
2070,0.0,1.0
2067,0.0,1.0
2064,0.0,1.0
2063,0.0,1.0
2060,1.0,1.0
2058,1.0,1.0
2056,0.5,1.0
2054,1.0,1.0
2052,0.0,0.5
2051,0.0,1.0
2050,0.0,1.0
2049,0.0,1.0
2048,0.0,1.0
2046,0.0,1.0
2045,0.0,1.0
2036,0.0,1.0
2034,1.0,1.0
2032,0.0,0.5
2028,0.0,1.0
2018,1.0,1.0
2017,0.0,1.0
2015,0.0,0.0
2014,0.0,1.0
2012,0.0,1.0
2010,0.0,1.0
2009,1.0,1.0
2007,0.0,1.0
2005,0.0,1.0
2004,1.0,1.0
2003,0.0,1.0
2002,1.0,1.0
2001,0.0,1.0
2000,0.0,1.0
1996,0.5,1.0
1995,0.0,1.0
1993,1.0,1.0
1992,0.0,1.0
1990,0.0,1.0
1989,0.0,1.0
1988,0.0,1.0
1987,0.0,1.0
1985,1.0,1.0
1983,1.0,1.0
1981,0.0,1.0
1980,0.0,1.0
1975,0.0,1.0
1971,0.0,1.0
1970,0.0,1.0
1967,0.0,1.0
1964,0.0,1.0
1962,0.0,1.0
1961,0.0,0.5
1959,0.0,1.0
1958,0.0,1.0
1951,0.0,1.0
1950,0.0,1.0
1946,0.5,0.5
1945,0.0,0.0
1944,1.0,1.0
1943,0.0,1.0
1941,0.0,1.0
1940,0.0,1.0
1936,0.0,1.0
1935,0.0,1.0
1933,0.3333333333333333,1.0
1931,0.0,1.0
1930,0.0,1.0
1929,0.0,1.0
1928,0.5,1.0
1925,0.0,1.0
1923,0.0,1.0
1922,0.5,0.5
1921,1.0,1.0
1920,0.0,1.0
1918,0.5,1.0
1917,1.0,1.0
1910,0.0,1.0
1909,1.0,1.0
1908,0.0,1.0
1907,0.5,1.0
1903,0.0,1.0
1902,0.5,0.5
1900,0.0,1.0
1899,1.0,0.5
1898,0.0,1.0
1897,1.0,1.0
1893,0.0,1.0
1891,0.0,1.0
1884,1.0,0.0
1882,0.0,1.0
1881,0.0,1.0
1880,0.0,0.0
1876,0.0,1.0
1874,0.0,1.0
1873,0.0,1.0
1872,0.0,1.0
1871,0.0,1.0
1869,0.0,1.0
1867,0.0,1.0
1866,0.0,1.0
1865,0.0,1.0
1864,0.0,1.0
1863,0.3333333333333333,0.6666666666666666
1862,0.0,1.0
1861,0.0,1.0
1860,0.0,1.0
1859,0.0,1.0
1858,0.0,1.0
1857,1.0,1.0
1856,0.0,1.0
1855,0.0,1.0
1854,0.0,1.0
1853,0.0,1.0
1852,0.0,1.0
1851,0.0,1.0
1850,1.0,1.0
1849,0.0,1.0
1848,1.0,1.0
1847,0.25,1.0
1845,0.0,1.0
1841,0.3333333333333333,1.0
1839,0.0,1.0
1837,0.0,1.0
1835,0.0,1.0
1833,0.0,1.0
1826,0.0,1.0
1825,0.0,1.0
1824,0.0,1.0
1820,0.0,1.0
1819,0.0,1.0
1818,0.3333333333333333,1.0
1817,0.25,0.75
1816,0.0,1.0
1815,0.5,1.0
1813,0.0,1.0
1812,0.0,1.0
1811,0.0,1.0
1810,0.0,1.0
1809,0.0,1.0
1808,0.0,1.0
1807,0.0,1.0
1806,1.0,0.0
1805,1.0,1.0
1803,0.5,1.0
1800,1.0,1.0
1793,0.0,1.0
1791,1.0,1.0
1788,0.5,1.0
1786,0.0,0.5
1784,1.0,1.0
1783,0.0,1.0
1782,1.0,1.0
1781,1.0,0.0
1780,1.0,1.0
1779,1.0,0.0
1778,0.0,1.0
1777,0.0,1.0
1776,0.3333333333333333,1.0
1774,1.0,1.0
1773,0.5,1.0
1772,0.0,1.0
1771,1.0,1.0
1769,0.0,1.0
1768,0.0,1.0
1767,0.0,1.0
1766,0.0,1.0
1765,0.0,1.0
1764,0.0,1.0
1763,0.0,0.0
1762,1.0,1.0
1761,0.0,1.0
1755,0.0,1.0
1753,0.0,1.0
1752,0.0,0.0
1750,0.0,1.0
1749,0.0,1.0
1748,0.0,1.0
1745,0.5,1.0
1743,0.0,1.0
1742,1.0,1.0
1737,1.0,1.0
1734,1.0,1.0
1733,0.0,1.0
1730,0.0,1.0
1728,0.0,1.0
1722,0.5,1.0
1721,1.0,1.0
1720,0.0,1.0
1718,0.0,1.0
1715,0.0,1.0
1714,0.0,1.0
1713,0.0,1.0
1711,0.5,0.5
1709,0.0,1.0
1707,0.0,1.0
1704,0.0,1.0
1700,0.5,1.0
1699,0.0,1.0
1696,0.3333333333333333,0.6666666666666666
1695,0.0,1.0
1694,0.6666666666666666,1.0
1693,0.0,1.0
1692,1.0,1.0
1691,0.0,1.0
1690,0.0,1.0
1688,0.0,1.0
1686,0.6666666666666666,1.0
1685,0.0,1.0
1684,0.0,0.0
1683,0.0,1.0
1680,0.0,1.0
1679,0.5,1.0
1677,0.0,1.0
1676,0.0,0.5
1675,0.0,1.0
1671,0.0,1.0
1670,0.0,0.0
1668,0.3333333333333333,1.0
1667,0.0,1.0
1664,1.0,1.0
1662,0.0,1.0
1660,0.0,1.0
1658,0.0,1.0
1656,1.0,1.0
1655,0.0,1.0
1654,0.0,1.0
1653,0.0,1.0
1652,0.0,1.0
1651,0.0,1.0
1650,0.0,1.0
1649,0.0,1.0
1648,0.0,1.0
1647,0.0,1.0
1646,0.0,1.0
1645,0.5,0.75
1644,0.0,1.0
1640,0.0,1.0
1639,0.0,1.0
1638,0.0,1.0
1637,1.0,1.0
1635,0.0,1.0
1634,0.0,1.0
1630,0.0,1.0
1629,0.3333333333333333,1.0
1628,0.0,1.0
1626,0.0,1.0
1623,1.0,1.0
1622,0.0,1.0
1620,0.0,1.0
1619,0.5,0.5
1618,0.0,1.0
1615,1.0,0.0
1613,0.5,1.0
1611,0.0,1.0
1610,0.0,0.0
1603,0.0,1.0
1600,0.0,1.0
1597,0.0,1.0
1596,0.0,1.0
1593,0.0,1.0
1592,1.0,1.0
1590,0.5,1.0
1589,0.3333333333333333,1.0
1588,0.0,1.0
1587,0.0,1.0
1586,0.0,1.0
1584,1.0,1.0
1583,0.0,1.0
1582,0.0,1.0
1580,0.0,1.0
1579,0.0,1.0
1576,0.0,1.0
1574,0.0,1.0
1573,0.5,1.0
1572,1.0,0.0
1571,0.0,1.0
1568,0.5,1.0
1566,0.3333333333333333,1.0
1565,0.0,1.0
1564,1.0,1.0
1563,0.0,0.0
1562,0.0,1.0
1561,0.0,1.0
1558,0.0,1.0
1557,0.0,1.0
1555,0.0,1.0
1554,0.0,1.0
1552,0.0,1.0
1551,0.0,1.0
1549,0.0,1.0
1548,0.0,1.0
1547,0.0,1.0
1545,0.0,1.0
1542,1.0,0.0
1541,0.0,1.0
1540,0.0,1.0
1538,0.0,1.0
1537,0.0,1.0
1535,1.0,1.0
1534,0.0,1.0
1533,1.0,1.0
1532,0.3333333333333333,1.0
1531,0.0,1.0
1530,0.0,1.0
1528,0.0,1.0
1526,0.0,1.0
1523,0.0,1.0
1522,0.0,1.0
1521,0.0,1.0
1520,0.0,1.0
1519,0.0,0.0
1518,0.0,1.0
1515,0.25,0.75
1514,0.0,1.0
1512,0.2,1.0
1510,1.0,1.0
1509,0.0,1.0
1508,0.5,1.0
1507,1.0,1.0
1506,0.0,1.0
1504,0.0,1.0
1502,0.0,1.0
1501,0.0,1.0
1499,0.0,1.0
1497,0.5,1.0
1496,0.5,1.0
1495,0.0,0.0
1494,1.0,1.0
1493,0.0,1.0
1492,0.0,1.0
1491,0.0,1.0
1489,0.0,0.0
1488,0.0,1.0
1487,0.0,1.0
1483,0.0,1.0
1482,0.0,1.0
1481,0.0,1.0
1479,0.3333333333333333,1.0
1478,0.0,1.0
1477,0.3333333333333333,1.0
1475,0.5,0.5
1474,0.0,1.0
1473,0.0,1.0
1472,1.0,0.5
1471,0.0,1.0
1470,0.0,1.0
1468,0.0,1.0
1467,0.3333333333333333,1.0
1466,0.5,1.0
1464,0.0,1.0
1463,1.0,1.0
1462,0.0,1.0
1459,0.0,0.0
1456,0.0,1.0
1455,0.0,1.0
1454,0.0,0.5
1453,0.0,1.0
1451,0.0,1.0
1449,0.0,1.0
1447,0.0,1.0
1446,0.0,0.6666666666666666
1445,0.5,1.0
1443,0.0,1.0
1442,1.0,1.0
1441,1.0,1.0
1440,0.0,1.0
1439,0.0,1.0
1438,0.0,1.0
1436,0.0,1.0
1434,0.0,1.0
1433,1.0,1.0
1432,1.0,1.0
1431,0.0,1.0
1430,0.3333333333333333,1.0
1429,0.0,1.0
1428,0.5,0.75
1427,0.0,1.0
1426,0.0,1.0
1423,1.0,1.0
1421,0.5,1.0
1418,0.5,1.0
1417,0.5,1.0
1416,0.0,1.0
1414,0.2,0.8
1413,0.3333333333333333,0.6666666666666666
1412,0.0,1.0
1411,1.0,1.0
1410,0.0,1.0
1409,0.2,1.0
1408,0.5,1.0
1407,0.0,1.0
1406,0.0,1.0
1405,0.0,1.0
1403,0.0,1.0
1400,0.0,1.0
1399,0.0,1.0
1398,1.0,1.0
1397,0.3333333333333333,1.0
1395,0.25,1.0
1394,0.0,1.0
1393,0.25,1.0
1392,0.0,1.0
1391,0.5,1.0
1389,0.0,0.5
1388,0.0,1.0
1387,1.0,1.0
1386,0.5,1.0
1385,0.0,1.0
1384,0.0,1.0
1383,0.5,1.0
1381,0.0,1.0
1379,0.0,0.5
1377,0.5,1.0
1376,0.0,1.0
1375,0.0,1.0
1372,0.0,1.0
1371,0.0,1.0
1370,0.0,1.0
1368,1.0,1.0
1367,0.0,1.0
1366,0.0,1.0
1364,0.6666666666666666,1.0
1363,1.0,1.0
1362,0.25,1.0
1361,0.0,1.0
1360,0.5,1.0
1359,0.0,1.0
1357,1.0,1.0
1356,0.0,0.5
1355,0.0,1.0
1353,0.3333333333333333,1.0
1351,0.0,1.0
1350,0.0,1.0
1349,0.0,1.0
1348,0.0,1.0
1347,0.2,1.0
1344,0.0,1.0
1343,1.0,1.0
1342,0.0,1.0
1341,0.4,1.0
1340,0.3333333333333333,1.0
1339,0.0,1.0
1338,0.0,1.0
1337,0.0,1.0
1335,0.3333333333333333,1.0
1334,0.5,1.0
1333,0.5,1.0
1331,0.0,1.0
1330,0.0,0.0
1329,0.0,1.0
1328,0.0,1.0
1327,0.5,1.0
1325,0.0,1.0
1323,0.3333333333333333,0.6666666666666666
1322,0.0,0.6666666666666666
1320,0.0,1.0
1319,0.0,1.0
1318,0.0,1.0
1317,0.4,1.0
1316,0.0,1.0
1315,0.5,1.0
1314,0.0,1.0
1312,0.0,1.0
1311,1.0,1.0
1310,0.3333333333333333,1.0
1309,0.0,1.0
1308,0.25,0.75
1307,0.3333333333333333,0.6666666666666666
1306,0.0,1.0
1305,0.0,1.0
1304,0.0,0.6666666666666666
1303,0.0,1.0
1302,0.5,1.0
1300,0.0,1.0
1299,0.0,1.0
1298,0.0,0.6666666666666666
1297,0.0,1.0
1296,0.25,1.0
1295,0.0,1.0
1294,0.25,1.0
1293,0.0,1.0
1292,0.0,1.0
1291,0.0,1.0
1290,0.5,1.0
1289,1.0,1.0
1288,0.0,1.0
1287,1.0,1.0
1286,0.0,1.0
1285,0.3333333333333333,1.0
1284,0.0,1.0
1283,1.0,1.0
1282,1.0,1.0
1281,0.0,1.0
1279,0.0,1.0
1278,0.0,1.0
1277,1.0,1.0
1275,0.0,1.0
1273,0.0,1.0
1272,0.5,1.0
1271,0.3333333333333333,0.6666666666666666
1270,0.0,1.0
1269,0.3333333333333333,1.0
1268,0.0,1.0
1267,0.0,1.0
1266,0.0,1.0
1265,1.0,1.0
1264,0.0,1.0
1263,0.0,1.0
1262,0.0,1.0
1261,0.0,1.0
1260,0.0,1.0
1259,0.0,1.0
1258,0.0,1.0
1257,0.0,1.0
1256,0.0,1.0
1255,0.0,1.0
1254,1.0,1.0
1253,0.0,1.0
1252,0.0,0.75
1251,0.0,1.0
1250,0.0,1.0
1249,0.0,1.0
1246,0.0,1.0
1245,0.0,1.0
1244,0.0,0.5
1243,1.0,0.6666666666666666
1242,0.0,1.0
1241,0.0,1.0
1240,0.5,1.0
1239,0.3333333333333333,1.0
1238,0.0,1.0
1236,0.0,1.0
1235,0.0,1.0
1232,0.5,1.0
1231,0.0,1.0
1230,0.3333333333333333,1.0
1229,0.5,1.0
1228,0.5,1.0
1227,0.0,1.0
1226,0.0,0.5
1225,0.0,1.0
1224,0.0,1.0
1223,0.0,1.0
1222,0.0,1.0
1221,0.0,1.0
1220,0.0,0.5
1219,0.0,1.0
1217,0.0,1.0
1216,1.0,1.0
1215,0.0,1.0
1214,0.0,1.0
1213,0.0,1.0
1212,0.5,1.0
1211,0.5,1.0
1210,0.0,1.0
1208,0.0,1.0
1207,0.0,1.0
1206,0.25,1.0
1205,1.0,1.0
1204,0.0,1.0
1203,0.0,1.0
1202,0.0,1.0
1201,0.0,1.0
1200,0.0,1.0
1199,0.0,1.0
1198,0.0,1.0
1197,0.0,1.0
1196,0.75,1.0
1195,0.0,1.0
1194,1.0,1.0
1193,0.0,1.0
1192,0.0,1.0
1191,0.6666666666666666,1.0
1190,0.6,1.0
1189,0.0,1.0
1188,0.0,1.0
1187,0.6666666666666666,1.0
1186,0.0,1.0
1185,0.3333333333333333,1.0
1184,0.0,1.0
1183,0.0,1.0
1182,0.0,1.0
1181,0.0,0.8
1180,0.0,1.0
1179,0.0,0.0
1178,1.0,1.0
1177,0.5,1.0
1176,0.0,1.0
1174,0.0,1.0
1173,1.0,1.0
1172,0.5,1.0
1171,0.3333333333333333,1.0
1170,0.0,1.0
1169,0.5,1.0
1167,0.0,1.0
1166,0.3333333333333333,1.0
1165,0.3333333333333333,1.0
1164,0.5,1.0
1163,0.0,1.0
1162,0.0,1.0
1161,0.5,1.0
1160,0.5,1.0
1159,0.0,1.0
1158,0.0,1.0
1157,0.0,1.0
1156,0.2,0.8
1155,0.0,1.0
1154,0.0,1.0
1153,0.0,0.4
1152,1.0,1.0
1151,0.0,1.0
1150,1.0,1.0
1149,0.0,0.6666666666666666
1148,0.25,1.0
1147,0.0,1.0
1145,0.0,1.0
1144,0.0,0.6666666666666666
1143,0.0,1.0
1142,0.6666666666666666,0.6666666666666666
1141,0.0,1.0
1140,0.3333333333333333,1.0
1139,1.0,1.0
1137,0.0,1.0
1136,0.5,1.0
1135,0.6666666666666666,1.0
1134,0.0,1.0
1133,0.2857142857142857,0.8571428571428571
1132,0.0,1.0
1131,0.2,1.0
1130,0.0,1.0
1129,0.6666666666666666,1.0
1128,0.0,1.0
1127,0.25,1.0
1125,0.5,1.0
1124,0.0,1.0
1123,0.0,1.0
1122,0.5,1.0
1121,0.0,1.0
1120,0.0,1.0
1119,0.25,1.0
1118,0.0,1.0
1117,0.0,1.0
1115,0.25,0.75
1114,0.5,1.0
1112,0.0,1.0
1111,0.0,1.0
1110,0.5,1.0
1109,0.0,1.0
1108,0.0,1.0
1107,0.2,1.0
1105,0.0,1.0
1104,0.0,1.0
1103,0.0,1.0
1101,0.0,1.0
1100,0.3333333333333333,1.0
1099,0.16666666666666666,0.6666666666666666
1098,0.5,1.0
1097,0.0,1.0
1096,0.0,1.0
1095,0.0,1.0
1093,0.0,0.8571428571428571
1092,0.0,1.0
1091,0.5,0.5
1090,0.0,1.0
1089,1.0,1.0
1088,0.5,1.0
1086,0.3333333333333333,0.6666666666666666
1085,0.2,1.0
1084,0.0,1.0
1082,0.0,1.0
1081,0.0,1.0
1080,0.0,1.0
1079,0.3333333333333333,1.0
1078,0.0,1.0
1077,0.0,1.0
1076,0.0,0.5
1074,0.16666666666666666,1.0
1073,0.0,1.0
1072,0.5,1.0
1071,0.25,1.0
1070,0.5,0.75
1069,0.0,1.0
1068,0.0,1.0
1067,0.0,1.0
1066,0.0,1.0
1065,0.0,1.0
1064,0.0,1.0
1063,0.3333333333333333,1.0
1062,0.0,1.0
1061,0.3333333333333333,1.0
1060,0.0,1.0
1059,0.0,1.0
1058,0.0,1.0
1057,0.3333333333333333,1.0
1056,0.0,1.0
1055,0.4,1.0
1054,0.25,1.0
1053,0.0,1.0
1052,0.0,1.0
1051,0.0,1.0
1050,0.0,1.0
1049,0.0,1.0
1048,0.16666666666666666,0.8333333333333334
1047,0.0,1.0
1046,0.0,1.0
1045,0.5,0.5
1044,0.0,1.0
1043,0.0,1.0
1042,0.0,1.0
1041,0.3333333333333333,1.0
1040,0.6666666666666666,0.6666666666666666
1039,0.0,1.0
1038,0.0,1.0
1037,0.4,1.0
1036,0.25,1.0
1034,0.3333333333333333,1.0
1033,0.0,1.0
1032,0.0,1.0
1031,0.0,1.0
1030,0.5,1.0
1029,0.0,1.0
1028,0.5,1.0
1027,0.5,1.0
1026,0.0,1.0
1025,0.5,1.0
1024,0.25,1.0
1023,0.0,1.0
1022,0.5,1.0
1021,0.0,1.0
1020,0.0,0.5
1019,0.4,0.8
1018,0.0,0.5
1017,0.0,0.75
1016,0.0,1.0
1015,0.0,1.0
1014,0.6666666666666666,0.6666666666666666
1013,0.25,1.0
1012,0.3333333333333333,1.0
1011,0.3333333333333333,1.0
1010,0.0,1.0
1009,0.0,1.0
1008,0.5,0.5
1007,0.0,1.0
1006,0.4,1.0
1005,0.3333333333333333,1.0
1004,0.75,0.75
1002,0.0,1.0
1001,0.5,1.0
1000,0.0,1.0
999,0.16666666666666666,0.8333333333333334
998,0.3333333333333333,0.6666666666666666
997,0.0,1.0
996,1.0,1.0
995,0.0,1.0
994,0.0,1.0
993,0.25,1.0
992,0.3333333333333333,1.0
991,0.3333333333333333,1.0
990,0.0,1.0
989,0.3333333333333333,1.0
988,0.2,1.0
987,0.3333333333333333,1.0
986,0.4,0.8
985,0.5,1.0
984,0.0,1.0
983,0.0,1.0
982,0.3333333333333333,0.6666666666666666
981,0.2,1.0
980,0.0,1.0
979,1.0,0.0
978,0.14285714285714285,0.8571428571428571
977,0.0,1.0
976,0.5,1.0
975,0.0,1.0
974,0.5,0.5
973,0.0,1.0
972,0.25,0.75
971,0.0,0.8
970,0.0,1.0
969,0.25,1.0
968,0.5,1.0
967,0.2,1.0
966,0.25,1.0
965,0.5,1.0
964,0.0,1.0
963,0.0,1.0
962,0.2,1.0
961,1.0,1.0
960,0.0,1.0
959,0.6666666666666666,1.0
957,0.16666666666666666,1.0
956,0.0,1.0
955,0.0,0.75
954,0.0,1.0
953,0.0,1.0
952,0.16666666666666666,1.0
951,0.75,0.75
950,0.25,1.0
949,0.5,1.0
948,0.0,1.0
947,0.0,0.75
946,0.0,1.0
945,0.3333333333333333,0.6666666666666666
944,0.0,1.0
943,0.4,1.0
942,0.16666666666666666,0.8333333333333334
941,0.3333333333333333,1.0
940,0.0,1.0
939,0.25,1.0
938,0.0,1.0
937,0.0,1.0
936,0.0,1.0
935,0.2,1.0
934,0.3333333333333333,1.0
933,0.4,1.0
932,0.0,0.5
931,0.0,1.0
930,0.2857142857142857,1.0
929,0.0,1.0
928,0.6666666666666666,0.6666666666666666
927,0.3333333333333333,1.0
926,0.0,0.8333333333333334
925,0.25,1.0
924,0.6,0.8
923,0.3333333333333333,1.0
922,0.5,1.0
921,0.0,1.0
920,0.125,1.0
919,0.16666666666666666,1.0
918,0.0,1.0
917,0.25,1.0
916,0.2,1.0
915,0.0,1.0
914,0.5,1.0
913,0.5,1.0
912,0.0,0.0
911,0.25,1.0
910,0.0,1.0
909,0.5,1.0
908,0.0,0.75
907,0.3333333333333333,1.0
906,0.3333333333333333,1.0
905,0.5,1.0
904,0.14285714285714285,0.7142857142857143
903,0.42857142857142855,1.0
902,0.0,1.0
901,0.0,0.6666666666666666
900,0.2,1.0
899,0.2,0.8
898,0.0,1.0
897,0.0,1.0
896,0.0,1.0
895,0.42857142857142855,0.7142857142857143
894,0.6666666666666666,1.0
893,0.14285714285714285,1.0
892,0.1,1.0
891,0.3333333333333333,0.6666666666666666
890,0.375,1.0
889,0.0,1.0
888,1.0,1.0
887,0.0,1.0
886,0.16666666666666666,0.8333333333333334
885,1.0,1.0
884,0.3333333333333333,0.3333333333333333
883,0.3333333333333333,0.8333333333333334
882,0.0,1.0
881,0.0,1.0
880,0.0,1.0
879,0.16666666666666666,1.0
878,0.16666666666666666,0.8333333333333334
877,0.125,0.75
876,1.0,1.0
875,0.14285714285714285,0.8571428571428571
874,0.0,1.0
873,0.0,1.0
872,0.0,0.8
871,0.16666666666666666,1.0
870,0.3333333333333333,0.6666666666666666
869,0.0,0.75
868,0.25,1.0
867,0.0,0.8
866,0.0,1.0
865,0.5,1.0
864,0.16666666666666666,0.6666666666666666
863,0.5,1.0
862,0.1111111111111111,0.8888888888888888
861,0.2,1.0
860,0.0,1.0
859,0.0,1.0
858,0.0,1.0
857,0.4,1.0
856,0.125,1.0
855,1.0,1.0
854,0.125,1.0
853,0.16666666666666666,1.0
852,0.3333333333333333,1.0
851,0.0,1.0
850,0.0,1.0
849,0.14285714285714285,1.0
848,0.0,0.75
847,0.0,1.0
846,0.0,1.0
845,0.0,1.0
844,0.0,0.8888888888888888
843,1.0,0.0
842,0.16666666666666666,1.0
841,0.2857142857142857,1.0
840,0.0,1.0
839,0.0,1.0
838,0.6666666666666666,0.6666666666666666
837,0.3333333333333333,1.0
836,0.14285714285714285,1.0
835,0.6666666666666666,1.0
834,0.0,0.6666666666666666
833,0.6666666666666666,1.0
832,0.3333333333333333,0.8333333333333334
831,0.3333333333333333,1.0
830,0.0,1.0
829,0.0,0.8333333333333334
828,0.0,1.0
827,0.0,1.0
826,0.16666666666666666,1.0
825,0.25,0.75
824,0.2857142857142857,1.0
823,0.0,1.0
822,0.5,1.0
821,0.16666666666666666,0.8333333333333334
820,0.0,1.0
819,0.14285714285714285,0.8571428571428571
818,0.0,1.0
817,0.3333333333333333,1.0
816,0.0,1.0
815,0.25,1.0
814,0.3333333333333333,0.6666666666666666
813,0.2,1.0
812,0.0,1.0
811,0.0,0.75
810,0.25,0.5
809,0.3,1.0
808,0.1111111111111111,0.7777777777777778
807,0.0,0.8
806,0.0,1.0
805,0.42857142857142855,1.0
804,0.14285714285714285,1.0
803,0.5,0.75
802,0.0,1.0
801,0.0,1.0
800,0.375,1.0
799,0.0,1.0
798,0.0,1.0
797,0.125,0.75
796,0.5,0.75
795,0.0,1.0
794,0.2,0.8
793,0.3333333333333333,1.0
792,0.0,1.0
791,0.6666666666666666,0.8333333333333334
790,0.3333333333333333,1.0
789,0.25,1.0
788,0.2857142857142857,1.0
787,0.16666666666666666,1.0
786,0.0,0.6666666666666666
785,0.2,1.0
784,0.0,1.0
783,0.2,1.0
782,0.0,1.0
781,0.1111111111111111,1.0
780,0.4,0.8
779,0.3333333333333333,0.7777777777777778
778,0.0,0.8
777,0.1111111111111111,1.0
776,0.0,1.0
775,0.125,1.0
774,0.4,1.0
773,0.09090909090909091,0.8181818181818182
772,0.0,1.0
771,0.14285714285714285,1.0
770,0.0,1.0
769,0.0,1.0
768,0.25,1.0
767,0.4,1.0
766,0.3333333333333333,1.0
765,0.125,1.0
764,0.0,1.0
763,0.0,0.6666666666666666
762,0.0,1.0
761,0.0,0.8
760,0.25,1.0
759,0.1,1.0
758,0.0,1.0
757,0.42857142857142855,1.0
756,0.0,0.7142857142857143
755,0.5,1.0
754,0.0,0.6666666666666666
753,0.3333333333333333,0.8333333333333334
752,0.25,1.0
751,0.25,0.75
750,0.1,0.9
749,0.3,0.9
748,0.125,0.75
747,0.25,1.0
746,0.3333333333333333,1.0
745,0.2857142857142857,1.0
744,0.3333333333333333,1.0
743,0.2,1.0
742,0.2222222222222222,0.7777777777777778
741,0.5,0.75
740,0.0,0.8
739,0.3333333333333333,1.0
738,0.0,1.0
737,0.3333333333333333,1.0
736,0.0,1.0
735,0.0,1.0
734,0.14285714285714285,1.0
733,0.2857142857142857,1.0
732,0.16666666666666666,1.0
731,0.4,1.0
730,0.25,0.75
729,0.0,1.0
728,0.0,1.0
727,0.4,1.0
726,0.25,1.0
725,0.0,1.0
724,0.2857142857142857,0.8571428571428571
723,0.3333333333333333,1.0
722,0.2857142857142857,0.7142857142857143
721,0.25,0.875
720,0.0,1.0
719,0.2,0.8
718,0.3333333333333333,1.0
717,0.2222222222222222,0.8888888888888888
716,0.2,1.0
715,0.0,1.0
714,0.125,0.875
713,0.2857142857142857,0.7142857142857143
712,0.25,0.75
711,0.0,0.75
710,0.6,1.0
709,0.0,1.0
708,0.08333333333333333,1.0
707,0.0,1.0
706,0.16666666666666666,0.8333333333333334
705,0.4,1.0
704,0.25,1.0
703,0.0,1.0
702,0.14285714285714285,1.0
701,0.2,1.0
700,0.4444444444444444,0.7777777777777778
699,0.16666666666666666,0.9166666666666666
698,0.5,1.0
697,0.0,1.0
696,0.125,0.875
695,0.0,0.8888888888888888
694,0.0,0.8333333333333334
693,0.0,0.9230769230769231
692,0.2,1.0
691,0.25,0.875
690,0.42857142857142855,0.8571428571428571
689,0.1111111111111111,1.0
688,0.0,0.8333333333333334
687,0.0,0.8333333333333334
686,0.4,1.0
685,0.0,0.8
684,0.18181818181818182,0.9090909090909091
683,0.2857142857142857,1.0
682,0.42857142857142855,1.0
681,0.25,1.0
680,0.45454545454545453,0.7272727272727273
679,0.0,1.0
678,0.16666666666666666,1.0
677,0.6666666666666666,0.8333333333333334
676,0.0,1.0
675,0.375,0.875
674,0.2,1.0
673,0.1111111111111111,0.8888888888888888
672,0.2,1.0
671,0.1111111111111111,0.8888888888888888
670,0.16666666666666666,1.0
669,0.2,1.0
668,0.2,0.9333333333333333
667,0.07692307692307693,0.9230769230769231
666,0.07142857142857142,1.0
665,0.6666666666666666,0.8888888888888888
664,0.16666666666666666,0.9166666666666666
663,0.25,1.0
662,0.42857142857142855,1.0
661,0.0,1.0
660,0.2,0.9
659,0.1111111111111111,0.6666666666666666
658,0.3,0.9
657,0.125,1.0
656,0.15384615384615385,0.8461538461538461
655,0.2222222222222222,1.0
654,0.1,0.9
653,0.1111111111111111,1.0
652,0.3,0.9
651,0.15384615384615385,0.9230769230769231
650,0.14285714285714285,0.8571428571428571
649,0.125,0.75
648,0.42857142857142855,1.0
647,0.0,1.0
646,0.125,0.875
645,0.3333333333333333,0.9166666666666666
644,0.4,0.9
643,0.3333333333333333,0.8888888888888888
642,0.25,0.875
641,0.0,1.0
640,0.2,0.9
639,0.1111111111111111,1.0
638,0.4,1.0
637,0.16666666666666666,0.9166666666666666
636,0.3333333333333333,0.8333333333333334
635,0.3333333333333333,1.0
634,0.3333333333333333,0.8888888888888888
633,0.09090909090909091,0.9090909090909091
632,0.16666666666666666,1.0
631,0.3333333333333333,0.8333333333333334
630,0.4,1.0
629,0.0,0.75
628,0.2,1.0
627,0.4,1.0
626,0.2727272727272727,1.0
625,0.3333333333333333,0.8888888888888888
624,0.3333333333333333,0.8888888888888888
623,0.36363636363636365,1.0
622,0.0,1.0
621,0.4,1.0
620,0.6666666666666666,1.0
619,0.16666666666666666,0.9166666666666666
618,0.0,1.0
617,0.3333333333333333,1.0
616,0.0,0.6
615,0.0,1.0
614,0.16666666666666666,1.0
613,0.2857142857142857,1.0
612,0.16666666666666666,0.9166666666666666
611,0.07692307692307693,1.0
610,0.0,0.75
609,0.0,1.0
608,0.2857142857142857,0.8571428571428571
607,0.0,1.0
606,0.09090909090909091,0.8181818181818182
605,0.2857142857142857,0.8571428571428571
604,0.1111111111111111,1.0
603,0.0,1.0
602,0.25,0.875
601,0.1,1.0
600,0.3333333333333333,0.8333333333333334
599,0.25,0.625
598,0.2857142857142857,0.8571428571428571
597,0.25,1.0
596,0.2,1.0
595,0.5,1.0
594,0.2,0.9
593,0.25,1.0
592,0.3333333333333333,1.0
591,0.2222222222222222,1.0
590,0.14285714285714285,1.0
589,0.09090909090909091,0.9090909090909091
588,0.0,1.0
587,0.46153846153846156,0.9230769230769231
586,0.0,0.875
585,0.16666666666666666,0.8333333333333334
584,0.2222222222222222,0.8888888888888888
583,0.29411764705882354,0.7647058823529411
582,0.0,1.0
581,0.3333333333333333,0.8888888888888888
580,0.2222222222222222,0.8888888888888888
579,0.16666666666666666,0.9166666666666666
578,0.21428571428571427,0.9285714285714286
577,0.4444444444444444,1.0
576,0.0,1.0
575,0.14285714285714285,0.8571428571428571
574,0.36363636363636365,0.9090909090909091
573,0.14285714285714285,1.0
572,0.16666666666666666,0.9166666666666666
571,0.0,1.0
570,0.07692307692307693,0.8461538461538461
569,0.2222222222222222,0.8888888888888888
568,0.18181818181818182,0.9090909090909091
567,0.2222222222222222,1.0
566,0.18181818181818182,0.9090909090909091
565,0.4444444444444444,1.0
564,0.0,1.0
563,0.4,1.0
562,0.21428571428571427,1.0
561,0.1,0.95
560,0.4166666666666667,1.0
559,0.21428571428571427,0.8571428571428571
558,0.2,0.6
557,0.4,1.0
556,0.16666666666666666,1.0
555,0.16666666666666666,1.0
554,0.25,1.0
553,0.25,1.0
552,0.3333333333333333,0.8888888888888888
551,0.18181818181818182,1.0
550,0.25,1.0
549,0.2727272727272727,0.9090909090909091
548,0.26666666666666666,0.9333333333333333
547,0.0,0.9090909090909091
546,0.1111111111111111,1.0
545,0.2727272727272727,1.0
544,0.1111111111111111,0.8333333333333334
543,0.125,1.0
542,0.0,0.8888888888888888
541,0.2222222222222222,1.0
540,0.3333333333333333,0.6666666666666666
539,0.2,0.8
538,0.3333333333333333,0.8333333333333334
537,0.1111111111111111,1.0
536,0.2,0.9
535,0.0,0.9
534,0.2,1.0
533,0.3333333333333333,0.7333333333333333
532,0.125,1.0
531,0.3333333333333333,0.9444444444444444
530,0.2,1.0
529,0.3888888888888889,1.0
528,0.21428571428571427,0.9285714285714286
527,0.08333333333333333,0.8333333333333334
526,0.18181818181818182,0.9090909090909091
525,0.18181818181818182,1.0
524,0.2222222222222222,0.8888888888888888
523,0.3333333333333333,1.0
522,0.2222222222222222,1.0
521,0.2857142857142857,0.8571428571428571
520,0.21052631578947367,0.8947368421052632
519,0.2857142857142857,1.0
518,0.26666666666666666,1.0
517,0.3684210526315789,0.8947368421052632
516,0.1111111111111111,1.0
515,0.3,0.9
514,0.2857142857142857,0.9285714285714286
513,0.07142857142857142,0.8571428571428571
512,0.3333333333333333,1.0
511,0.3,0.8
510,0.0,1.0
509,0.14285714285714285,1.0
508,0.2727272727272727,0.9090909090909091
507,0.06666666666666667,0.8666666666666667
506,0.1,0.85
505,0.2727272727272727,0.9545454545454546
504,0.2,1.0
503,0.14285714285714285,1.0
502,0.23809523809523808,0.8571428571428571
501,0.23529411764705882,1.0
500,0.15384615384615385,0.9230769230769231
499,0.5,0.875
498,0.17647058823529413,1.0
497,0.07142857142857142,0.9285714285714286
496,0.0,0.8333333333333334
495,0.26666666666666666,1.0
494,0.25,1.0
493,0.23076923076923078,0.9230769230769231
492,0.16666666666666666,0.8888888888888888
491,0.2777777777777778,1.0
490,0.07692307692307693,0.8461538461538461
489,0.14285714285714285,0.9047619047619048
488,0.2222222222222222,0.9444444444444444
487,0.058823529411764705,1.0
486,0.2,0.8
485,0.29411764705882354,0.9411764705882353
484,0.21739130434782608,0.8695652173913043
483,0.23076923076923078,0.9230769230769231
482,0.18181818181818182,1.0
481,0.35,0.85
480,0.29411764705882354,1.0
479,0.0625,0.875
478,0.4375,0.9375
477,0.15384615384615385,1.0
476,0.3,1.0
475,0.2,1.0
474,0.2857142857142857,0.9285714285714286
473,0.1875,1.0
472,0.0625,0.875
471,0.125,1.0
470,0.0,0.9230769230769231
469,0.15,0.95
468,0.2727272727272727,0.9090909090909091
467,0.25,0.875
466,0.0625,1.0
465,0.15384615384615385,0.9230769230769231
464,0.2631578947368421,1.0
463,0.5294117647058824,0.8235294117647058
462,0.058823529411764705,0.7647058823529411
461,0.13333333333333333,1.0
460,0.2,0.8666666666666667
459,0.17857142857142858,0.9285714285714286
458,0.125,0.9375
457,0.2,1.0
456,0.18181818181818182,1.0
455,0.16666666666666666,0.9166666666666666
454,0.26666666666666666,0.8666666666666667
453,0.3157894736842105,0.9473684210526315
452,0.42105263157894735,0.8947368421052632
451,0.058823529411764705,1.0
450,0.09090909090909091,0.9545454545454546
449,0.058823529411764705,1.0
448,0.25,0.9166666666666666
447,0.21739130434782608,0.9130434782608695
446,0.0625,1.0
445,0.18181818181818182,1.0
444,0.42857142857142855,1.0
443,0.20833333333333334,0.875
442,0.21739130434782608,0.782608695652174
441,0.18518518518518517,1.0
440,0.15,0.95
439,0.13793103448275862,0.9310344827586207
438,0.21739130434782608,0.6956521739130435
437,0.2857142857142857,0.9285714285714286
436,0.25,0.9375
435,0.35714285714285715,0.9285714285714286
434,0.25,1.0
433,0.2,1.0
432,0.15789473684210525,1.0
431,0.10526315789473684,0.8947368421052632
430,0.15789473684210525,0.9473684210526315
429,0.21052631578947367,0.9473684210526315
428,0.21052631578947367,0.7894736842105263
427,0.125,0.875
426,0.09523809523809523,0.9047619047619048
425,0.14285714285714285,1.0
424,0.17391304347826086,0.9565217391304348
423,0.2692307692307692,0.9615384615384616
422,0.13043478260869565,0.9130434782608695
421,0.21739130434782608,0.9565217391304348
420,0.034482758620689655,0.8620689655172413
419,0.19047619047619047,0.9523809523809523
418,0.15,0.95
417,0.25,0.9
416,0.13043478260869565,0.8695652173913043
415,0.25,0.95
414,0.18518518518518517,0.9259259259259259
413,0.17391304347826086,0.8260869565217391
412,0.2,0.9333333333333333
411,0.16666666666666666,1.0
410,0.16666666666666666,0.9166666666666666
409,0.15789473684210525,0.8947368421052632
408,0.16666666666666666,0.9583333333333334
407,0.2,1.0
406,0.07142857142857142,1.0
405,0.2,0.9
404,0.2631578947368421,0.8947368421052632
403,0.21052631578947367,0.9473684210526315
402,0.4,0.96
401,0.2631578947368421,0.9473684210526315
400,0.18181818181818182,0.8636363636363636
399,0.2916666666666667,0.9166666666666666
398,0.2413793103448276,0.9310344827586207
397,0.17647058823529413,0.8823529411764706
396,0.2857142857142857,0.9047619047619048
395,0.2,0.88
394,0.16666666666666666,0.9166666666666666
393,0.24,0.92
392,0.10714285714285714,1.0
391,0.27586206896551724,0.9655172413793104
390,0.2413793103448276,0.8275862068965517
389,0.22727272727272727,1.0
388,0.38461538461538464,0.9615384615384616
387,0.35,0.85
386,0.17647058823529413,0.8823529411764706
385,0.17142857142857143,0.9142857142857143
384,0.3333333333333333,0.9333333333333333
383,0.18518518518518517,0.8518518518518519
382,0.043478260869565216,0.9565217391304348
381,0.32142857142857145,0.9285714285714286
380,0.15,0.9
379,0.06666666666666667,0.9333333333333333
378,0.16,0.96
377,0.18518518518518517,0.9259259259259259
376,0.16,1.0
375,0.23076923076923078,0.9615384615384616
374,0.22857142857142856,0.9714285714285714
373,0.17857142857142858,0.9285714285714286
372,0.16,0.88
371,0.0967741935483871,0.967741935483871
370,0.125,0.875
369,0.16,1.0
368,0.25,0.9583333333333334
367,0.10714285714285714,0.9642857142857143
366,0.3548387096774194,0.8709677419354839
365,0.1724137931034483,0.9310344827586207
364,0.20689655172413793,0.896551724137931
363,0.10526315789473684,0.8421052631578947
362,0.16,0.88
361,0.32142857142857145,0.9285714285714286
360,0.1875,0.875
359,0.13043478260869565,1.0
358,0.2,0.9333333333333333
357,0.07407407407407407,0.9259259259259259
356,0.2,0.9142857142857143
355,0.26666666666666666,0.9333333333333333
354,0.35714285714285715,0.8928571428571429
353,0.14814814814814814,1.0
352,0.16666666666666666,0.9444444444444444
351,0.045454545454545456,0.9545454545454546
350,0.1875,0.96875
349,0.1724137931034483,0.8275862068965517
348,0.13333333333333333,0.8333333333333334
347,0.22580645161290322,0.9032258064516129
346,0.1935483870967742,0.967741935483871
345,0.14285714285714285,0.9523809523809523
344,0.19230769230769232,0.8461538461538461
343,0.1875,0.90625
342,0.1875,0.90625
341,0.28,0.8
340,0.25,0.9285714285714286
339,0.16666666666666666,0.9333333333333333
338,0.13636363636363635,0.9090909090909091
337,0.2608695652173913,0.9565217391304348
336,0.17647058823529413,0.9705882352941176
335,0.2,0.92
334,0.1282051282051282,0.8974358974358975
333,0.03125,0.90625
332,0.2857142857142857,0.8928571428571429
331,0.16129032258064516,0.9354838709677419
330,0.20512820512820512,0.8974358974358975
329,0.38636363636363635,0.9090909090909091
328,0.22857142857142856,0.9428571428571428
327,0.16666666666666666,0.9333333333333333
326,0.2894736842105263,0.8421052631578947
325,0.22857142857142856,0.9142857142857143
324,0.21951219512195122,0.975609756097561
323,0.19444444444444445,0.9166666666666666
322,0.28205128205128205,0.9230769230769231
321,0.3611111111111111,1.0
320,0.30303030303030304,0.8484848484848485
319,0.1111111111111111,1.0
318,0.10810810810810811,0.9459459459459459
317,0.20454545454545456,0.8863636363636364
316,0.2413793103448276,0.9310344827586207
315,0.21428571428571427,0.8809523809523809
314,0.18421052631578946,0.9473684210526315
313,0.16666666666666666,0.9333333333333333
312,0.09375,0.875
311,0.22580645161290322,0.967741935483871
310,0.2413793103448276,0.9310344827586207
309,0.1875,0.96875
308,0.27906976744186046,0.9534883720930233
307,0.15789473684210525,0.9473684210526315
306,0.23684210526315788,0.8947368421052632
305,0.2222222222222222,0.9444444444444444
304,0.2727272727272727,1.0
303,0.21951219512195122,0.9512195121951219
302,0.34285714285714286,0.8857142857142857
301,0.27586206896551724,0.896551724137931
300,0.1702127659574468,1.0
299,0.16666666666666666,0.9259259259259259
298,0.1875,0.8333333333333334
297,0.15,0.925
296,0.18181818181818182,0.9090909090909091
295,0.1951219512195122,0.8292682926829268
294,0.2619047619047619,0.9047619047619048
293,0.1702127659574468,0.851063829787234
292,0.1590909090909091,0.9772727272727273
291,0.13333333333333333,0.9111111111111111
290,0.1282051282051282,0.8717948717948718
289,0.34210526315789475,0.868421052631579
288,0.3142857142857143,0.9714285714285714
287,0.20454545454545456,0.9545454545454546
286,0.2222222222222222,0.8888888888888888
285,0.21739130434782608,0.9130434782608695
284,0.27692307692307694,0.9076923076923077
283,0.2708333333333333,0.8541666666666666
282,0.25,0.8541666666666666
281,0.12195121951219512,0.9512195121951219
280,0.225,0.85
279,0.225,0.925
278,0.2037037037037037,0.8703703703703703
277,0.21568627450980393,0.9019607843137255
276,0.14814814814814814,0.9259259259259259
275,0.25,0.8653846153846154
274,0.20408163265306123,0.8571428571428571
273,0.1896551724137931,0.8448275862068966
272,0.19607843137254902,0.8823529411764706
271,0.22950819672131148,0.9344262295081968
270,0.1320754716981132,0.9622641509433962
269,0.25,0.9285714285714286
268,0.18181818181818182,0.9636363636363636
267,0.26,0.92
266,0.27906976744186046,0.9302325581395349
265,0.2857142857142857,0.9047619047619048
264,0.1206896551724138,0.9137931034482759
263,0.24,0.9
262,0.1746031746031746,0.9047619047619048
261,0.16981132075471697,0.9433962264150944
260,0.21311475409836064,0.9344262295081968
259,0.25,0.8958333333333334
258,0.08771929824561403,0.8596491228070176
257,0.25,0.9545454545454546
256,0.17391304347826086,0.9782608695652174
255,0.13793103448275862,0.9310344827586207
254,0.25,0.9375
253,0.16071428571428573,0.9285714285714286
252,0.25,0.9
251,0.17391304347826086,0.9130434782608695
250,0.23809523809523808,0.873015873015873
249,0.21052631578947367,0.9649122807017544
248,0.22641509433962265,0.9056603773584906
247,0.21311475409836064,1.0
246,0.17543859649122806,0.9298245614035088
245,0.29310344827586204,0.9310344827586207
244,0.1836734693877551,0.9183673469387755
243,0.15517241379310345,0.8620689655172413
242,0.2833333333333333,0.9333333333333333
241,0.203125,0.890625
240,0.14035087719298245,0.9473684210526315
239,0.3333333333333333,0.8787878787878788
238,0.21875,0.953125
237,0.2857142857142857,0.875
236,0.2,0.9
235,0.18518518518518517,0.8518518518518519
234,0.1794871794871795,0.8846153846153846
233,0.2236842105263158,0.9210526315789473
232,0.22857142857142856,0.8857142857142857
231,0.14084507042253522,0.9436619718309859
230,0.1506849315068493,0.958904109589041
229,0.07936507936507936,0.9047619047619048
228,0.2835820895522388,0.8955223880597015
227,0.23529411764705882,0.9215686274509803
226,0.22972972972972974,0.9054054054054054
225,0.14814814814814814,0.9444444444444444
224,0.2,0.92
223,0.20270270270270271,0.918918918918919
222,0.11764705882352941,0.9705882352941176
221,0.17721518987341772,0.9240506329113924
220,0.18461538461538463,0.9230769230769231
219,0.23529411764705882,0.9705882352941176
218,0.16129032258064516,0.9516129032258065
217,0.21052631578947367,0.9078947368421053
216,0.17857142857142858,0.9404761904761905
215,0.18032786885245902,0.8688524590163934
214,0.16666666666666666,0.8888888888888888
213,0.0851063829787234,0.9042553191489362
212,0.17567567567567569,0.9459459459459459
211,0.2894736842105263,0.9342105263157895
210,0.21951219512195122,0.9146341463414634
209,0.2361111111111111,0.9722222222222222
208,0.17894736842105263,0.9157894736842105
207,0.15714285714285714,0.9142857142857143
206,0.22093023255813954,0.8953488372093024
205,0.21428571428571427,0.8690476190476191
204,0.2289156626506024,0.927710843373494
203,0.13186813186813187,0.9010989010989011
202,0.2,0.9058823529411765
201,0.24489795918367346,0.9285714285714286
200,0.17045454545454544,0.875
199,0.18823529411764706,0.9058823529411765
198,0.18888888888888888,0.9222222222222223
197,0.297029702970297,0.9405940594059405
196,0.25773195876288657,0.9381443298969072
195,0.10891089108910891,0.9702970297029703
194,0.20430107526881722,0.9032258064516129
193,0.14130434782608695,0.9456521739130435
192,0.15555555555555556,0.8888888888888888
191,0.21782178217821782,0.8910891089108911
190,0.3146067415730337,0.898876404494382
189,0.28421052631578947,0.9157894736842105
188,0.21428571428571427,0.9081632653061225
187,0.21367521367521367,0.9401709401709402
186,0.1590909090909091,0.9659090909090909
185,0.22522522522522523,0.9459459459459459
184,0.2037037037037037,0.8888888888888888
183,0.21495327102803738,0.9532710280373832
182,0.2828282828282828,0.9292929292929293
181,0.20408163265306123,0.8673469387755102
180,0.17272727272727273,0.9727272727272728
179,0.18478260869565216,0.9565217391304348
178,0.2,0.9
177,0.24175824175824176,0.8681318681318682
176,0.2222222222222222,0.8888888888888888
175,0.1984126984126984,0.9365079365079365
174,0.20161290322580644,0.9112903225806451
173,0.20952380952380953,0.9333333333333333
172,0.22727272727272727,0.946969696969697
171,0.10309278350515463,0.9175257731958762
170,0.17699115044247787,0.8761061946902655
169,0.1724137931034483,0.9172413793103448
168,0.16153846153846155,0.9153846153846154
167,0.2446043165467626,0.9496402877697842
166,0.20930232558139536,0.9147286821705426
165,0.20833333333333334,0.9166666666666666
164,0.24342105263157895,0.9078947368421053
163,0.27927927927927926,0.8828828828828829
162,0.17424242424242425,0.9393939393939394
161,0.18,0.9
160,0.19230769230769232,0.9384615384615385
159,0.20408163265306123,0.9251700680272109
158,0.22151898734177214,0.9240506329113924
157,0.1721311475409836,0.9098360655737705
156,0.22727272727272727,0.8409090909090909
155,0.14615384615384616,0.8923076923076924
154,0.2153846153846154,0.9307692307692308
153,0.16176470588235295,0.9264705882352942
152,0.23717948717948717,0.9038461538461539
151,0.1834319526627219,0.9230769230769231
150,0.20987654320987653,0.9074074074074074
149,0.2222222222222222,0.8830409356725146
148,0.21710526315789475,0.9342105263157895
147,0.25903614457831325,0.8975903614457831
146,0.21568627450980393,0.9215686274509803
145,0.15483870967741936,0.9548387096774194
144,0.2251655629139073,0.9271523178807947
143,0.27485380116959063,0.9239766081871345
142,0.17766497461928935,0.8984771573604061
141,0.16883116883116883,0.922077922077922
140,0.19553072625698323,0.9441340782122905
139,0.22,0.89
138,0.24581005586592178,0.9162011173184358
137,0.2222222222222222,0.9166666666666666
136,0.24242424242424243,0.8888888888888888
135,0.17777777777777778,0.9333333333333333
134,0.25116279069767444,0.9069767441860465
133,0.20441988950276244,0.9116022099447514
132,0.2,0.8933333333333333
131,0.23557692307692307,0.9230769230769231
130,0.21951219512195122,0.9219512195121952
129,0.1568627450980392,0.9117647058823529
128,0.18840579710144928,0.9516908212560387
127,0.15979381443298968,0.8969072164948454
126,0.26495726495726496,0.9188034188034188
125,0.18025751072961374,0.9098712446351931
124,0.2297872340425532,0.8893617021276595
123,0.22608695652173913,0.9173913043478261
122,0.18454935622317598,0.9570815450643777
121,0.2222222222222222,0.9316239316239316
120,0.16806722689075632,0.9663865546218487
119,0.245136186770428,0.8949416342412452
118,0.1646586345381526,0.927710843373494
117,0.21929824561403508,0.9078947368421053
116,0.24796747967479674,0.9024390243902439
115,0.22746781115879827,0.9141630901287554
114,0.26053639846743293,0.9157088122605364
113,0.15163934426229508,0.8729508196721312
112,0.22058823529411764,0.9375
111,0.16600790513833993,0.9090909090909091
110,0.17518248175182483,0.9452554744525548
109,0.23255813953488372,0.9036544850498339
108,0.22483221476510068,0.9228187919463087
107,0.23432343234323433,0.9108910891089109
106,0.24912280701754386,0.9052631578947369
105,0.20905923344947736,0.9233449477351916
104,0.1903114186851211,0.9480968858131488
103,0.20348837209302326,0.9215116279069767
102,0.21671826625386997,0.9473684210526315
101,0.19169329073482427,0.9424920127795527
100,0.18404907975460122,0.8834355828220859
99,0.21301775147928995,0.9378698224852071
98,0.19941348973607037,0.9032258064516129
97,0.17647058823529413,0.9176470588235294
96,0.2094240837696335,0.9214659685863874
95,0.18696883852691218,0.9065155807365439
94,0.21052631578947367,0.8736842105263158
93,0.21761658031088082,0.9119170984455959
92,0.22099447513812154,0.9060773480662984
91,0.20759493670886076,0.9265822784810127
90,0.1952941176470588,0.9105882352941177
89,0.20493827160493827,0.9308641975308642
88,0.18925233644859812,0.9322429906542056
87,0.20353982300884957,0.9446902654867256
86,0.20754716981132076,0.9203354297693921
85,0.19795918367346937,0.9244897959183673
84,0.201171875,0.90234375
83,0.2495049504950495,0.904950495049505
82,0.21327967806841047,0.8953722334004024
81,0.18275154004106775,0.9240246406570842
80,0.1984732824427481,0.9293893129770993
79,0.2233502538071066,0.9086294416243654
78,0.22641509433962265,0.8943396226415095
77,0.21548821548821548,0.9090909090909091
76,0.2053872053872054,0.8956228956228957
75,0.22469982847341338,0.9108061749571184
74,0.2058319039451115,0.9159519725557461
73,0.23887973640856672,0.9093904448105437
72,0.19078947368421054,0.9342105263157895
71,0.19008264462809918,0.9173553719008265
70,0.21649484536082475,0.9219440353460973
69,0.2143928035982009,0.9190404797601199
68,0.2153846153846154,0.9092307692307692
67,0.20948616600790515,0.927536231884058
66,0.16843501326259946,0.9190981432360743
65,0.2082758620689655,0.9186206896551724
64,0.2181122448979592,0.8903061224489796
63,0.2202797202797203,0.8857808857808858
62,0.19362745098039216,0.9080882352941176
61,0.20818713450292398,0.9228070175438596
60,0.17420066152149946,0.9051819184123484
59,0.1908713692946058,0.9190871369294605
58,0.21366594360086769,0.9197396963123644
57,0.20887991927346114,0.9041372351160444
56,0.21148036253776434,0.904330312185297
55,0.2323049001814882,0.9174228675136116
54,0.19615032080659944,0.9083409715857012
53,0.20257510729613734,0.896137339055794
52,0.20668953687821612,0.9108061749571184
51,0.21134868421052633,0.928453947368421
50,0.20373250388802489,0.9144634525660964
49,0.2170245398773006,0.8903374233128835
48,0.2028023598820059,0.9233038348082596
47,0.20943952802359883,0.9314159292035398
46,0.199867197875166,0.9156706507304117
45,0.23203691496374423,0.9222148978246539
44,0.20707964601769913,0.9168141592920354
43,0.22735242548217416,0.9018118059614261
42,0.20248166948674562,0.904117315284828
41,0.2084639498432602,0.9137931034482759
40,0.19860973187686196,0.9121151936444886
39,0.21029626032054397,0.9043224866440019
38,0.22431132487975514,0.90030607783122
37,0.20190229139645482,0.9169909208819714
36,0.21160130718954248,0.9044117647058824
35,0.223760092272203,0.9104190695886197
34,0.20786733513305053,0.9186270728885461
33,0.21581116523042337,0.9119520419632822
32,0.2125586430891375,0.9079754601226994
31,0.20965164589325663,0.9114733141578779
30,0.21893491124260356,0.9211045364891519
29,0.20341536916122552,0.9065796082370668
28,0.199023199023199,0.9135531135531135
27,0.21351478179258565,0.9091975598310652
26,0.2036082474226804,0.9128006872852233
25,0.21208530805687204,0.9109399684044234
24,0.20592092936106426,0.9085628630316658
23,0.2109053497942387,0.9092935528120714
22,0.21032922452800748,0.9090341706974567
21,0.20692090395480225,0.9098870056497175
20,0.21462264150943397,0.9128668763102725
19,0.21401825415399017,0.9065059677041891
18,0.2150903294367694,0.906269925611052
17,0.21360608943862988,0.904662226450999
16,0.20465717981888745,0.9111686071582579
15,0.2115399196299947,0.9054515126241565
14,0.21440753120949588,0.9057234463469541
13,0.21103721013841453,0.9048475043441788
12,0.21437125748502994,0.9048685238219214
11,0.21395932264134038,0.9073111728339754
10,0.2151284093926634,0.9053526042259399
9,0.21040984883902136,0.9068412030543868
8,0.21442495126705652,0.907498375568551
7,0.21454438885516317,0.9042933997613615
6,0.21119898663462006,0.9078227260178313
5,0.21511356565028003,0.9069306160547604
4,0.21319965304352262,0.9032093474156845
3,0.21343795637358307,0.9066737754699924
2,0.21564658599385836,0.9050854504474933
1,0.21736425019413033,0.9078373796434859
0,0.23732141872138562,0.8716641844558443
-1,0.2423256703933521,0.8632971598830058
-2,0.2510965981089775,0.8553465250024369
-3,0.2582058849834541,0.8582416599588588
-4,0.25589259075087023,0.8548980606663351
-5,0.2605105105105105,0.850975975975976
-6,0.26597938144329897,0.8593180015860428
-7,0.2612576064908722,0.8419878296146045
-8,0.26493691978100453,0.8507498214710784
-9,0.2664930555555556,0.8428819444444444
-10,0.2739678096571029,0.8407977606717985
-11,0.2781015820149875,0.8334721065778518
-12,0.25232774674115455,0.8477653631284916
-13,0.2637423653525819,0.8362021099389229
-14,0.2691358024691358,0.8555555555555555
-15,0.296113074204947,0.8303886925795053
-16,0.2792,0.852
-17,0.2573770491803279,0.8524590163934426
-18,0.2757936507936508,0.8571428571428571
-19,0.2824175824175824,0.810989010989011
-20,0.2641946697566628,0.8296639629200464
-21,0.28010825439783493,0.8254397834912043
-22,0.27927927927927926,0.8183183183183184
-23,0.31092436974789917,0.8470588235294118
-24,0.2674825174825175,0.8391608391608392
-25,0.2695167286245353,0.8364312267657993
-26,0.28820960698689957,0.8580786026200873
-27,0.3146853146853147,0.8554778554778555
-28,0.31139240506329113,0.830379746835443
-29,0.23872679045092837,0.8779840848806366
-30,0.28296703296703296,0.8379120879120879
-31,0.3137254901960784,0.8300653594771242
-32,0.28125,0.8368055555555556
-33,0.3233082706766917,0.8157894736842105
-34,0.3159851301115242,0.8141263940520446
-35,0.25793650793650796,0.8095238095238095
-36,0.2682926829268293,0.8333333333333334
-37,0.2669902912621359,0.8300970873786407
-38,0.2731707317073171,0.751219512195122
-39,0.3482587064676617,0.8557213930348259
-40,0.3005181347150259,0.8238341968911918
-41,0.2621951219512195,0.8353658536585366
-42,0.26618705035971224,0.8633093525179856
-43,0.25333333333333335,0.7866666666666666
-44,0.3333333333333333,0.7954545454545454
-45,0.2890625,0.8515625
-46,0.3511450381679389,0.7938931297709924
-47,0.2463768115942029,0.8333333333333334
-48,0.359375,0.765625
-49,0.26732673267326734,0.8514851485148515
-50,0.3181818181818182,0.8090909090909091
-51,0.28735632183908044,0.7701149425287356
-52,0.3068181818181818,0.75
-53,0.3253012048192771,0.8554216867469879
-54,0.28378378378378377,0.8108108108108109
-55,0.26582278481012656,0.8227848101265823
-56,0.2857142857142857,0.8428571428571429
-57,0.3595505617977528,0.8202247191011236
-58,0.24242424242424243,0.8939393939393939
-59,0.25396825396825395,0.7936507936507936
-60,0.25,0.875
-61,0.3125,0.84375
-62,0.3953488372093023,0.7441860465116279
-63,0.30612244897959184,0.9183673469387755
-64,0.24444444444444444,0.9111111111111111
-65,0.2830188679245283,0.8679245283018868
-66,0.2962962962962963,0.8703703703703703
-67,0.35555555555555557,0.8222222222222222
-68,0.2777777777777778,0.7222222222222222
-69,0.3111111111111111,0.8444444444444444
-70,0.16666666666666666,0.8095238095238095
-71,0.30952380952380953,0.8809523809523809
-72,0.2857142857142857,0.7714285714285715
-73,0.34375,0.6875
-74,0.21875,0.75
-75,0.39473684210526316,0.7368421052631579
-76,0.3125,0.84375
-77,0.2222222222222222,0.9259259259259259
-78,0.20689655172413793,0.9310344827586207
-79,0.42857142857142855,0.7857142857142857
-80,0.24,0.76
-81,0.22580645161290322,0.7741935483870968
-82,0.3333333333333333,0.625
-83,0.19047619047619047,0.9047619047619048
-84,0.22727272727272727,0.8181818181818182
-85,0.21428571428571427,0.8571428571428571
-86,0.3333333333333333,0.875
-87,0.2692307692307692,0.9615384615384616
-88,0.2857142857142857,0.8571428571428571
-89,0.25,0.8125
-90,0.2222222222222222,0.6111111111111112
-91,0.16666666666666666,0.8333333333333334
-92,0.23529411764705882,0.7058823529411765
-93,0.16666666666666666,1.0
-94,0.25,0.8125
-95,0.35714285714285715,0.8571428571428571
-96,0.21428571428571427,0.7857142857142857
-97,0.2777777777777778,0.8333333333333334
-98,0.375,0.8125
-99,0.3076923076923077,0.7692307692307693
-100,0.14285714285714285,0.8571428571428571
-101,0.7777777777777778,0.8888888888888888
-102,0.3333333333333333,0.6
-103,0.3333333333333333,0.6666666666666666
-104,0.2,0.7
-105,0.16666666666666666,0.8333333333333334
-106,0.3,0.9
-107,0.5,0.625
-108,0.3333333333333333,0.8333333333333334
-109,0.2,0.8
-110,0.25,0.8333333333333334
-111,0.375,0.6875
-112,0.36363636363636365,0.6363636363636364
-113,0.3333333333333333,0.5555555555555556
-114,0.2857142857142857,0.7857142857142857
-115,0.1,0.7
-116,0.14285714285714285,0.8571428571428571
-117,0.4,0.8
-118,0.4444444444444444,0.7777777777777778
-119,0.2,0.8
-120,0.3333333333333333,0.6666666666666666
-121,0.0,0.6666666666666666
-122,0.2222222222222222,1.0
-123,0.4,0.6
-124,0.5,0.0
-125,0.42857142857142855,0.8571428571428571
-126,0.42857142857142855,0.5714285714285714
-127,0.0,0.4
-128,0.2,1.0
-129,0.0,0.5
-130,0.4,0.6
-131,0.0,1.0
-132,0.16666666666666666,0.6666666666666666
-133,0.0,1.0
-134,0.3333333333333333,0.3333333333333333
-135,0.375,0.875
-136,0.2,0.8
-137,0.16666666666666666,0.6666666666666666
-138,0.2,1.0
-139,0.25,0.25
-140,0.3333333333333333,1.0
-141,0.6666666666666666,0.6666666666666666
-143,0.25,1.0
-144,0.3333333333333333,0.6666666666666666
-145,0.0,0.0
-146,0.0,0.5
-147,0.5,1.0
-148,0.5,1.0
-149,0.25,0.25
-150,0.0,0.0
-151,0.0,0.5
-152,0.5,0.5
-153,0.25,0.75
-154,0.0,1.0
-155,0.25,0.75
-156,0.3333333333333333,1.0
-157,1.0,0.0
-158,0.0,1.0
-159,0.5,0.5
-160,1.0,1.0
-161,1.0,1.0
-162,0.5,0.0
-163,0.5,1.0
-165,0.0,0.0
-166,0.6666666666666666,0.0
-167,0.0,1.0
-169,0.0,0.5
-170,1.0,0.0
-171,1.0,1.0
-172,0.0,1.0
-173,0.0,0.0
-174,0.0,1.0
-175,0.0,1.0
-177,0.0,1.0
-178,1.0,0.0
-179,0.0,1.0
-181,0.5,0.0
-182,1.0,1.0
-185,0.0,1.0
-186,1.0,1.0
-187,1.0,0.0
-188,0.0,1.0
-189,0.5,0.5
-191,0.0,1.0
-192,0.0,1.0
-193,1.0,0.0
-194,0.0,0.0
-195,1.0,1.0
-198,0.0,1.0
-199,0.0,0.0
-200,0.5,0.5
-201,0.0,1.0
-202,0.6666666666666666,1.0
-208,1.0,0.0
-209,0.0,1.0
-211,1.0,1.0
-212,0.0,0.5
-214,1.0,1.0
-215,1.0,1.0
-216,0.0,0.0
-218,0.5,0.5
-219,0.0,1.0
-220,0.0,0.5
-223,1.0,1.0
-225,1.0,1.0
-226,0.5,0.5
-228,0.0,1.0
-232,1.0,0.0
-235,1.0,1.0
-236,0.0,1.0
-243,0.0,1.0
-246,1.0,0.0
-250,0.0,1.0
-254,1.0,1.0
-256,1.0,0.0
-257,1.0,1.0
-258,0.0,1.0
-260,0.0,1.0
-262,0.0,1.0
-266,0.0,1.0
-271,1.0,0.0
-277,0.0,1.0
-286,1.0,0.0
-287,0.0,0.0
-289,0.0,1.0
-292,0.0,1.0
-295,0.0,1.0
-309,0.0,1.0
-311,0.0,1.0
-321,1.0,0.0
-350,0.0,1.0
-411,0.0,1.0
-455,1.0,0.0
